"Id","Path","Slice Name","Alias(s)","Label","Min","Max","Must Support?","Is Modifier?","Is Summary?","Type(s)","Short","Definition","Comments","Requirements","Default Value","Meaning When Missing","Fixed Value","Pattern","Example","Minimum Value","Maximum Value","Maximum Length","Binding Strength","Binding Description","Binding Value Set","Code","Slicing Discriminator","Slicing Description","Slicing Ordered","Slicing Rules","Base Path","Base Min","Base Max","Condition(s)","Constraint(s)","Mapping: RIM Mapping"
"ProductAuthorization","ProductAuthorization","","","",0,*,"","","","null {[]} {[]}
","Product Authorization","A record of authorization or compliance for one or more Products with a set of regulatory, policy, (pre-)qualification, or legal requirements.","","","","","","","","","",,,,,"",,,,"Base",0,*,"","","n/a"
"ProductAuthorization.number","ProductAuthorization.number","","","",0,1,"","","","Identifier {[]} {[]}
","The identifier of the authorisation for the Products","The identifier of the authorisation for the Products","","","","","","","","","",,,,,"",,,,"ProductAuthorization.number",0,1,"",""
"ProductAuthorization.status","ProductAuthorization.status","","","",1,1,"","","","code {[]} {[]}
","Product status","The status of the authoriation e.g. 'active' 'inactive'","","","","","","","","","",,"extensible","","http://smart.who.int/pcmt/ValueSet/Status","",,,,"ProductAuthorization.status",1,1,"",""
"ProductAuthorization.type","ProductAuthorization.type","","","",1,1,"","","","code {[]} {[]}
","Regulation type","The type of authorization (e.g. pre-qualification)","","","","","","","","","",,"extensible","","http://smart.who.int/pcmt/ValueSet/RegulationType","",,,,"ProductAuthorization.type",1,1,"",""
"ProductAuthorization.jurisdiction","ProductAuthorization.jurisdiction","","","",1,*,"","","","CodeableConcept {[]} {[]}
","The jurisidiction(s) (e.g. country, economic commuinity or region) where the authorisation is issued","The jurisidiction(s) (e.g. country, economic commuinity or region) where the authorisation is issued","","","","","","","","","",,,,,"",,,,"ProductAuthorization.jurisdiction",1,*,"",""
"ProductAuthorization.holder","ProductAuthorization.holder","","","",1,1,"","","","Reference {[]} {[CanonicalType[https://profiles.ihe.net/ITI/mCSD/StructureDefinition/IHE.mCSD.Organization]]}
","The organisation responsible for the product i.e. the grantee of the authorisation","The organisation responsible for the product i.e. the grantee of the authorisation","","","","","","","","","",,,,,"",,,,"ProductAuthorization.holder",1,1,"",""
"ProductAuthorization.product","ProductAuthorization.product","","","",1,*,"","","","Reference {[]} {[CanonicalType[http://smart.who.int/pcmt/StructureDefinition/Product]]}
","Products that are covered under this authorization","Products that are covered under this authorization","","","","","","","","","",,,,,"",,,,"ProductAuthorization.product",1,*,"",""
"ProductAuthorization.validityPeriod","ProductAuthorization.validityPeriod","","","",0,1,"","","","Period {[]} {[]}
","Validity Period of this authorization","Validity Period of this authorization","","","","","","","","","",,,,,"",,,,"ProductAuthorization.validityPeriod",0,1,"",""
