{"resourceType":"CodeSystem","id":"RegulatationType","text":{"status":"generated","div":"<div xmlns=\"http://www.w3.org/1999/xhtml\"><p class=\"res-header-id\"><b>Generated Narrative: CodeSystem RegulatationType</b></p><a name=\"RegulatationType\"> </a><a name=\"hcRegulatationType\"> </a><a name=\"RegulatationType-en-US\"> </a><p>This  code system <code>http://smart.who.int/pcmt/CodeSystem/RegulatationType</code> defines the following codes:</p><table class=\"codes\"><tr><td style=\"white-space:nowrap\"><b>Code</b></td><td><b>Display</b></td></tr><tr><td style=\"white-space:nowrap\">prequal<a name=\"RegulatationType-prequal\"> </a></td><td>Pre-Qualified</td></tr><tr><td style=\"white-space:nowrap\">auth_use<a name=\"RegulatationType-auth_use\"> </a></td><td>Authorized for use</td></tr></table></div>"},"url":"http://smart.who.int/pcmt/CodeSystem/RegulatationType","version":"0.1.0","name":"RegulatationType","title":"Product Regulation Type","status":"draft","date":"2025-02-08T12:16:02+00:00","publisher":"WHO","contact":[{"name":"WHO","telecom":[{"system":"url","value":"http://who.int"}]}],"description":"Product Regulation Status","content":"complete","count":2,"concept":[{"code":"prequal","display":"Pre-Qualified"},{"code":"auth_use","display":"Authorized for use"}]}