{"resourceType":"CodeSystem","id":"AttributeType","text":{"status":"generated","div":"<div xmlns=\"http://www.w3.org/1999/xhtml\"><p class=\"res-header-id\"><b>Generated Narrative: CodeSystem AttributeType</b></p><a name=\"AttributeType\"> </a><a name=\"hcAttributeType\"> </a><a name=\"AttributeType-en-US\"> </a><p>This  code system <code>http://smart.who.int/pcmt/CodeSystem/AttributeType</code> defines the following codes:</p><table class=\"codes\"><tr><td style=\"white-space:nowrap\"><b>Code</b></td></tr><tr><td style=\"white-space:nowrap\">active<a name=\"AttributeType-active\"> </a></td></tr><tr><td style=\"white-space:nowrap\">in-active<a name=\"AttributeType-in-active\"> </a></td></tr><tr><td style=\"white-space:nowrap\">invalid<a name=\"AttributeType-invalid\"> </a></td></tr></table></div>"},"url":"http://smart.who.int/pcmt/CodeSystem/AttributeType","version":"0.1.0","name":"AttributeType","title":"Attribute type of Products","status":"draft","date":"2025-01-31T21:32:44+00:00","publisher":"WHO","contact":[{"name":"WHO","telecom":[{"system":"url","value":"http://who.int"}]}],"description":"Attribute type of Products","content":"complete","count":3,"concept":[{"code":"active"},{"code":"in-active"},{"code":"invalid"}]}