<?xml version="1.0" encoding="UTF-8"?>

<CodeSystem xmlns="http://hl7.org/fhir">
  <id value="Status"/>
  <text>
    <status value="generated"/><div xmlns="http://www.w3.org/1999/xhtml"><p class="res-header-id"><b>Generated Narrative: CodeSystem Status</b></p><a name="Status"> </a><a name="hcStatus"> </a><a name="Status-en-US"> </a><p>This  code system <code>http://smart.who.int/pcmt/CodeSystem/Status</code> defines the following codes:</p><table class="codes"><tr><td style="white-space:nowrap"><b>Code</b></td></tr><tr><td style="white-space:nowrap">active<a name="Status-active"> </a></td></tr><tr><td style="white-space:nowrap">in-active<a name="Status-in-active"> </a></td></tr><tr><td style="white-space:nowrap">invalid<a name="Status-invalid"> </a></td></tr></table></div>
  </text>
  <url value="http://smart.who.int/pcmt/CodeSystem/Status"/>
  <version value="0.1.0"/>
  <name value="Status"/>
  <title value="Product and regulatory authorization status"/>
  <status value="draft"/>
  <date value="2025-02-08T12:16:02+00:00"/>
  <publisher value="WHO"/>
  <contact>
    <name value="WHO"/>
    <telecom>
      <system value="url"/>
      <value value="http://who.int"/>
    </telecom>
  </contact>
  <description value="Product and regulatory authorization status"/>
  <content value="complete"/>
  <count value="3"/>
  <concept>
    <code value="active"/>
  </concept>
  <concept>
    <code value="in-active"/>
  </concept>
  <concept>
    <code value="invalid"/>
  </concept>
</CodeSystem>