{
  "resourceType" : "ImplementationGuide",
  "id" : "smart.who.int.pcmt",
  "meta" : {
    "profile" : ["http://smart.who.int/smart-base/ImplementationGuide-SGImplementationGuide"]
  },
  "text" : {
    "status" : "generated",
    "div" : "<div xmlns=\"http://www.w3.org/1999/xhtml\"><p class=\"res-header-id\"><b>Generated Narrative: ImplementationGuide smart.who.int.pcmt</b></p><a name=\"smart.who.int.pcmt\"> </a><a name=\"hcsmart.who.int.pcmt\"> </a><a name=\"smart.who.int.pcmt-en-US\"> </a><h2>SMARTPCMT</h2><p>The official URL for this implementation guide is: </p><pre>http://smart.who.int/pcmt/ImplementationGuide/smart.who.int.pcmt</pre><div><p>Data exchange specifications for Product Catalog supporting the SMART Guidelines</p>\n</div></div>"
  },
  "url" : "http://smart.who.int/pcmt/ImplementationGuide/smart.who.int.pcmt",
  "version" : "0.1.0",
  "name" : "SMARTPCMT",
  "title" : "SMART Product Catalog",
  "status" : "draft",
  "date" : "2025-01-31T06:14:45+00:00",
  "publisher" : "WHO",
  "contact" : [{
    "name" : "WHO",
    "telecom" : [{
      "system" : "url",
      "value" : "http://who.int"
    }]
  }],
  "description" : "Data exchange specifications for Product Catalog supporting the SMART Guidelines",
  "packageId" : "smart.who.int.pcmt",
  "license" : "CC0-1.0",
  "fhirVersion" : ["5.0.0"],
  "dependsOn" : [{
    "id" : "hl7tx",
    "extension" : [{
      "url" : "http://hl7.org/fhir/tools/StructureDefinition/implementationguide-dependency-comment",
      "valueMarkdown" : "Automatically added as a dependency - all IGs depend on HL7 Terminology"
    }],
    "uri" : "http://terminology.hl7.org/ImplementationGuide/hl7.terminology",
    "packageId" : "hl7.terminology.r5",
    "version" : "6.2.0"
  },
  {
    "id" : "hl7ext",
    "extension" : [{
      "url" : "http://hl7.org/fhir/tools/StructureDefinition/implementationguide-dependency-comment",
      "valueMarkdown" : "Automatically added as a dependency - all IGs depend on the HL7 Extension Pack"
    }],
    "uri" : "http://hl7.org/fhir/extensions/ImplementationGuide/hl7.fhir.uv.extensions",
    "packageId" : "hl7.fhir.uv.extensions.r5",
    "version" : "5.1.0"
  },
  {
    "id" : "smart_who_int_base",
    "uri" : "http://smart.who.int/base/ImplementationGuide/smart.who.int.base",
    "packageId" : "smart.who.int.base",
    "version" : "current"
  },
  {
    "id" : "IHE_ITI_mCSD",
    "uri" : "https://profiles.ihe.net/ITI/mCSD/ImplementationGuide/ihe.iti.mcsd",
    "packageId" : "ihe.iti.mcsd",
    "version" : "3.8.0"
  }],
  "definition" : {
    "extension" : [{
      "url" : "http://hl7.org/fhir/tools/StructureDefinition/ig-internal-dependency",
      "valueCode" : "hl7.fhir.uv.tools.r5#0.3.0"
    }],
    "resource" : [{
      "extension" : [{
        "url" : "http://hl7.org/fhir/tools/StructureDefinition/resource-information",
        "valueString" : "CodeSystem"
      }],
      "reference" : {
        "reference" : "CodeSystem/AttributeType"
      },
      "name" : "Attribute type of Products",
      "description" : "Attribute type of Products",
      "isExample" : false
    },
    {
      "extension" : [{
        "url" : "http://hl7.org/fhir/tools/StructureDefinition/resource-information",
        "valueString" : "ValueSet"
      }],
      "reference" : {
        "reference" : "ValueSet/AttributeType"
      },
      "name" : "AttributeType for a Product",
      "description" : "Product status",
      "isExample" : false
    },
    {
      "extension" : [{
        "url" : "http://hl7.org/fhir/tools/StructureDefinition/resource-information",
        "valueString" : "StructureDefinition:resource"
      }],
      "reference" : {
        "reference" : "StructureDefinition/GenericProduct"
      },
      "name" : "GenericProduct",
      "description" : "Generic product profile",
      "isExample" : false
    },
    {
      "extension" : [{
        "url" : "http://hl7.org/fhir/tools/StructureDefinition/resource-information",
        "valueString" : "ValueSet"
      }],
      "reference" : {
        "reference" : "ValueSet/NameType"
      },
      "name" : "Name Type for a Product",
      "description" : "Product name type",
      "isExample" : false
    },
    {
      "extension" : [{
        "url" : "http://hl7.org/fhir/tools/StructureDefinition/resource-information",
        "valueString" : "CodeSystem"
      }],
      "reference" : {
        "reference" : "CodeSystem/pcmt-glossary-cs"
      },
      "name" : "PCMT Term glossary",
      "description" : "Glossary.",
      "isExample" : false
    },
    {
      "extension" : [{
        "url" : "http://hl7.org/fhir/tools/StructureDefinition/resource-information",
        "valueString" : "StructureDefinition:logical"
      }],
      "reference" : {
        "reference" : "StructureDefinition/Product"
      },
      "name" : "Product",
      "description" : "A Product represents a physical item or set of items which can be held in inventory, ordered, exchanged, dispensed or other utilized within the health system, clinical and supply chain workflows.",
      "isExample" : false
    },
    {
      "extension" : [{
        "url" : "http://hl7.org/fhir/tools/StructureDefinition/resource-information",
        "valueString" : "CodeSystem"
      }],
      "reference" : {
        "reference" : "CodeSystem/Status"
      },
      "name" : "Product and regulatory authorization status",
      "description" : "Product and regulatory authorization status",
      "isExample" : false
    },
    {
      "extension" : [{
        "url" : "http://hl7.org/fhir/tools/StructureDefinition/resource-information",
        "valueString" : "StructureDefinition:logical"
      }],
      "reference" : {
        "reference" : "StructureDefinition/ProductAuthorization"
      },
      "name" : "Product Authorization",
      "description" : "A record of authorization or compliance for one or more Products with a set of regulatory, policy, (pre-)qualification, or legal requirements.",
      "isExample" : false
    },
    {
      "extension" : [{
        "url" : "http://hl7.org/fhir/tools/StructureDefinition/resource-information",
        "valueString" : "CodeSystem"
      }],
      "reference" : {
        "reference" : "CodeSystem/RegulatationType"
      },
      "name" : "Product Regulation Type",
      "description" : "Product Regulation Status",
      "isExample" : false
    },
    {
      "extension" : [{
        "url" : "http://hl7.org/fhir/tools/StructureDefinition/resource-information",
        "valueString" : "CodeSystem"
      }],
      "reference" : {
        "reference" : "CodeSystem/ProductRelationship"
      },
      "name" : "Product Relationship",
      "description" : "ProductRelationship Code System",
      "isExample" : false
    },
    {
      "extension" : [{
        "url" : "http://hl7.org/fhir/tools/StructureDefinition/resource-information",
        "valueString" : "ValueSet"
      }],
      "reference" : {
        "reference" : "ValueSet/ProductRelationship"
      },
      "name" : "Product Relationships",
      "description" : "Product relationship value set",
      "isExample" : false
    },
    {
      "extension" : [{
        "url" : "http://hl7.org/fhir/tools/StructureDefinition/resource-information",
        "valueString" : "StructureDefinition:resource"
      }],
      "reference" : {
        "reference" : "StructureDefinition/RegulatedTradeItem"
      },
      "name" : "RegulatedTradeItem",
      "description" : "Regulated trade item profile - a product as is authorized by a regulatory authority for use in a jurisdiction",
      "isExample" : false
    },
    {
      "extension" : [{
        "url" : "http://hl7.org/fhir/tools/StructureDefinition/resource-information",
        "valueString" : "ValueSet"
      }],
      "reference" : {
        "reference" : "ValueSet/RegulationType"
      },
      "name" : "Regulation Type for a Regulated Product",
      "description" : "Regulated Product Regulation type",
      "isExample" : false
    },
    {
      "extension" : [{
        "url" : "http://hl7.org/fhir/tools/StructureDefinition/resource-information",
        "valueString" : "ValueSet"
      }],
      "reference" : {
        "reference" : "ValueSet/Status"
      },
      "name" : "Status for a Product",
      "description" : "Product status",
      "isExample" : false
    },
    {
      "extension" : [{
        "url" : "http://hl7.org/fhir/tools/StructureDefinition/resource-information",
        "valueString" : "StructureDefinition:resource"
      }],
      "reference" : {
        "reference" : "StructureDefinition/TradeItem"
      },
      "name" : "TradeItem",
      "description" : "Trade item profile",
      "isExample" : false
    }],
    "page" : {
      "sourceUrl" : "toc.html",
      "name" : "toc.html",
      "title" : "Table of Contents",
      "generation" : "html",
      "page" : [{
        "sourceUrl" : "index.html",
        "name" : "index.html",
        "title" : "Home",
        "generation" : "markdown",
        "page" : [{
          "sourceUrl" : "changes.html",
          "name" : "changes.html",
          "title" : "Changes",
          "generation" : "markdown"
        },
        {
          "sourceUrl" : "dependencies.html",
          "name" : "dependencies.html",
          "title" : "Dependencies",
          "generation" : "markdown"
        },
        {
          "sourceUrl" : "references.html",
          "name" : "references.html",
          "title" : "References",
          "generation" : "markdown"
        },
        {
          "sourceUrl" : "adapting.html",
          "name" : "adapting.html",
          "title" : "Adapting Guidelines for Country use",
          "generation" : "markdown"
        },
        {
          "sourceUrl" : "license.html",
          "name" : "license.html",
          "title" : "License",
          "generation" : "markdown"
        }]
      },
      {
        "sourceUrl" : "business-requirements.html",
        "name" : "business-requirements.html",
        "title" : "Business Requirements",
        "generation" : "markdown",
        "page" : [{
          "sourceUrl" : "concepts.html",
          "name" : "concepts.html",
          "title" : "Concepts",
          "generation" : "markdown"
        },
        {
          "sourceUrl" : "personas.html",
          "name" : "personas.html",
          "title" : "Generic Personas",
          "generation" : "markdown"
        },
        {
          "sourceUrl" : "scenarios.html",
          "name" : "scenarios.html",
          "title" : "User Scenarios",
          "generation" : "markdown"
        },
        {
          "sourceUrl" : "business-processes.html",
          "name" : "business-processes.html",
          "title" : "Business Processes",
          "generation" : "markdown"
        },
        {
          "sourceUrl" : "dictionary.html",
          "name" : "dictionary.html",
          "title" : "Data Dictionary",
          "generation" : "markdown"
        },
        {
          "sourceUrl" : "decision-logic.html",
          "name" : "decision-logic.html",
          "title" : "Decision-support logic",
          "generation" : "markdown"
        },
        {
          "sourceUrl" : "indicators.html",
          "name" : "indicators.html",
          "title" : "Indicator and Performance Metrics",
          "generation" : "markdown"
        },
        {
          "sourceUrl" : "functional-requirements.html",
          "name" : "functional-requirements.html",
          "title" : "Functional Requirements",
          "generation" : "markdown"
        },
        {
          "sourceUrl" : "non-functional-requirements.html",
          "name" : "non-functional-requirements.html",
          "title" : "Non-functional Requirements",
          "generation" : "markdown"
        }]
      },
      {
        "sourceUrl" : "data-models-and-exchange.html",
        "name" : "data-models-and-exchange.html",
        "title" : "Data Models and Exchange",
        "generation" : "markdown",
        "page" : [{
          "sourceUrl" : "system-actors.html",
          "name" : "system-actors.html",
          "title" : "System Actors",
          "generation" : "markdown"
        },
        {
          "sourceUrl" : "sequence-diagrams.html",
          "name" : "sequence-diagrams.html",
          "title" : "Sequence Diagrams",
          "generation" : "markdown"
        },
        {
          "sourceUrl" : "transactions.html",
          "name" : "transactions.html",
          "title" : "Transactions",
          "generation" : "markdown"
        },
        {
          "sourceUrl" : "indicators-measures.html",
          "name" : "indicators-measures.html",
          "title" : "Indicators and Measures",
          "generation" : "markdown"
        },
        {
          "sourceUrl" : "codings.html",
          "name" : "codings.html",
          "title" : "Codings",
          "generation" : "markdown"
        }]
      },
      {
        "sourceUrl" : "deployment.html",
        "name" : "deployment.html",
        "title" : "Deployment",
        "generation" : "markdown",
        "page" : [{
          "sourceUrl" : "security-privacy.html",
          "name" : "security-privacy.html",
          "title" : "Security and Privacy Considerations",
          "generation" : "markdown"
        },
        {
          "sourceUrl" : "testing.html",
          "name" : "testing.html",
          "title" : "Testing",
          "generation" : "markdown"
        },
        {
          "sourceUrl" : "test-data.html",
          "name" : "test-data.html",
          "title" : "Test Data",
          "generation" : "markdown"
        },
        {
          "sourceUrl" : "reference-implementations.html",
          "name" : "reference-implementations.html",
          "title" : "Reference Implementations",
          "generation" : "markdown"
        },
        {
          "sourceUrl" : "trust_domain.html",
          "name" : "trust_domain.html",
          "title" : "Trust Domains",
          "generation" : "markdown"
        },
        {
          "sourceUrl" : "downloads.html",
          "name" : "downloads.html",
          "title" : "Downloads",
          "generation" : "markdown"
        }]
      },
      {
        "sourceUrl" : "indices.html",
        "name" : "indices.html",
        "title" : "Indices",
        "generation" : "markdown",
        "page" : [{
          "sourceUrl" : "artifacts.html",
          "name" : "artifacts.html",
          "title" : "Artifact Index",
          "generation" : "html"
        },
        {
          "sourceUrl" : "maps.html",
          "name" : "maps.html",
          "title" : "Mappings",
          "generation" : "markdown"
        }]
      }]
    },
    "parameter" : [{
      "code" : {
        "system" : "http://hl7.org/fhir/tools/CodeSystem/ig-parameters",
        "code" : "copyrightyear"
      },
      "value" : "2023+"
    },
    {
      "code" : {
        "system" : "http://hl7.org/fhir/tools/CodeSystem/ig-parameters",
        "code" : "releaselabel"
      },
      "value" : "ci-build"
    },
    {
      "code" : {
        "system" : "http://hl7.org/fhir/tools/CodeSystem/ig-parameters",
        "code" : "autoload-resources"
      },
      "value" : "true"
    },
    {
      "code" : {
        "system" : "http://hl7.org/fhir/guide-parameter-code",
        "code" : "path-resource"
      },
      "value" : "input/capabilities"
    },
    {
      "code" : {
        "system" : "http://hl7.org/fhir/guide-parameter-code",
        "code" : "path-resource"
      },
      "value" : "input/examples"
    },
    {
      "code" : {
        "system" : "http://hl7.org/fhir/guide-parameter-code",
        "code" : "path-resource"
      },
      "value" : "input/extensions"
    },
    {
      "code" : {
        "system" : "http://hl7.org/fhir/guide-parameter-code",
        "code" : "path-resource"
      },
      "value" : "input/models"
    },
    {
      "code" : {
        "system" : "http://hl7.org/fhir/guide-parameter-code",
        "code" : "path-resource"
      },
      "value" : "input/operations"
    },
    {
      "code" : {
        "system" : "http://hl7.org/fhir/guide-parameter-code",
        "code" : "path-resource"
      },
      "value" : "input/profiles"
    },
    {
      "code" : {
        "system" : "http://hl7.org/fhir/guide-parameter-code",
        "code" : "path-resource"
      },
      "value" : "input/resources"
    },
    {
      "code" : {
        "system" : "http://hl7.org/fhir/guide-parameter-code",
        "code" : "path-resource"
      },
      "value" : "input/vocabulary"
    },
    {
      "code" : {
        "system" : "http://hl7.org/fhir/guide-parameter-code",
        "code" : "path-resource"
      },
      "value" : "input/maps"
    },
    {
      "code" : {
        "system" : "http://hl7.org/fhir/guide-parameter-code",
        "code" : "path-resource"
      },
      "value" : "input/testing"
    },
    {
      "code" : {
        "system" : "http://hl7.org/fhir/guide-parameter-code",
        "code" : "path-resource"
      },
      "value" : "input/history"
    },
    {
      "code" : {
        "system" : "http://hl7.org/fhir/guide-parameter-code",
        "code" : "path-resource"
      },
      "value" : "fsh-generated/resources"
    },
    {
      "code" : {
        "system" : "http://hl7.org/fhir/guide-parameter-code",
        "code" : "path-pages"
      },
      "value" : "template/config"
    },
    {
      "code" : {
        "system" : "http://hl7.org/fhir/guide-parameter-code",
        "code" : "path-pages"
      },
      "value" : "input/images"
    },
    {
      "code" : {
        "system" : "http://hl7.org/fhir/tools/CodeSystem/ig-parameters",
        "code" : "path-liquid"
      },
      "value" : "template/liquid"
    },
    {
      "code" : {
        "system" : "http://hl7.org/fhir/tools/CodeSystem/ig-parameters",
        "code" : "path-liquid"
      },
      "value" : "input/liquid"
    },
    {
      "code" : {
        "system" : "http://hl7.org/fhir/tools/CodeSystem/ig-parameters",
        "code" : "path-qa"
      },
      "value" : "temp/qa"
    },
    {
      "code" : {
        "system" : "http://hl7.org/fhir/tools/CodeSystem/ig-parameters",
        "code" : "path-temp"
      },
      "value" : "temp/pages"
    },
    {
      "code" : {
        "system" : "http://hl7.org/fhir/tools/CodeSystem/ig-parameters",
        "code" : "path-output"
      },
      "value" : "output"
    },
    {
      "code" : {
        "system" : "http://hl7.org/fhir/guide-parameter-code",
        "code" : "path-tx-cache"
      },
      "value" : "input-cache/txcache"
    },
    {
      "code" : {
        "system" : "http://hl7.org/fhir/tools/CodeSystem/ig-parameters",
        "code" : "path-suppressed-warnings"
      },
      "value" : "input/ignoreWarnings.txt"
    },
    {
      "code" : {
        "system" : "http://hl7.org/fhir/tools/CodeSystem/ig-parameters",
        "code" : "path-history"
      },
      "value" : "http://smart.who.int/pcmt/history.html"
    },
    {
      "code" : {
        "system" : "http://hl7.org/fhir/tools/CodeSystem/ig-parameters",
        "code" : "template-html"
      },
      "value" : "template-page.html"
    },
    {
      "code" : {
        "system" : "http://hl7.org/fhir/tools/CodeSystem/ig-parameters",
        "code" : "template-md"
      },
      "value" : "template-page-md.html"
    },
    {
      "code" : {
        "system" : "http://hl7.org/fhir/tools/CodeSystem/ig-parameters",
        "code" : "apply-contact"
      },
      "value" : "true"
    },
    {
      "code" : {
        "system" : "http://hl7.org/fhir/tools/CodeSystem/ig-parameters",
        "code" : "apply-context"
      },
      "value" : "true"
    },
    {
      "code" : {
        "system" : "http://hl7.org/fhir/tools/CodeSystem/ig-parameters",
        "code" : "apply-copyright"
      },
      "value" : "true"
    },
    {
      "code" : {
        "system" : "http://hl7.org/fhir/tools/CodeSystem/ig-parameters",
        "code" : "apply-jurisdiction"
      },
      "value" : "true"
    },
    {
      "code" : {
        "system" : "http://hl7.org/fhir/tools/CodeSystem/ig-parameters",
        "code" : "apply-license"
      },
      "value" : "true"
    },
    {
      "code" : {
        "system" : "http://hl7.org/fhir/tools/CodeSystem/ig-parameters",
        "code" : "apply-publisher"
      },
      "value" : "true"
    },
    {
      "code" : {
        "system" : "http://hl7.org/fhir/tools/CodeSystem/ig-parameters",
        "code" : "apply-version"
      },
      "value" : "true"
    },
    {
      "code" : {
        "system" : "http://hl7.org/fhir/tools/CodeSystem/ig-parameters",
        "code" : "apply-wg"
      },
      "value" : "true"
    },
    {
      "code" : {
        "system" : "http://hl7.org/fhir/tools/CodeSystem/ig-parameters",
        "code" : "active-tables"
      },
      "value" : "true"
    },
    {
      "code" : {
        "system" : "http://hl7.org/fhir/tools/CodeSystem/ig-parameters",
        "code" : "fmm-definition"
      },
      "value" : "http://hl7.org/fhir/versions.html#maturity"
    },
    {
      "code" : {
        "system" : "http://hl7.org/fhir/tools/CodeSystem/ig-parameters",
        "code" : "propagate-status"
      },
      "value" : "true"
    },
    {
      "code" : {
        "system" : "http://hl7.org/fhir/tools/CodeSystem/ig-parameters",
        "code" : "excludelogbinaryformat"
      },
      "value" : "true"
    },
    {
      "code" : {
        "system" : "http://hl7.org/fhir/tools/CodeSystem/ig-parameters",
        "code" : "tabbed-snapshots"
      },
      "value" : "true"
    }]
  }
}