<?xml version="1.0" encoding="UTF-8"?><CodeSystem xmlns="http://hl7.org/fhir"><id value="pcmt-glossary-cs"/><text><status value="generated"/><div xmlns="http://www.w3.org/1999/xhtml"><p class="res-header-id"><b>Generated Narrative: CodeSystem pcmt-glossary-cs</b></p><a name="pcmt-glossary-cs"> </a><a name="hcpcmt-glossary-cs"> </a><a name="pcmt-glossary-cs-en-US"> </a><p>This  code system <code>http://smart.who.int/pcmt/CodeSystem/pcmt-glossary-cs</code> defines the following code:</p><table class="codes"><tr><td style="white-space:nowrap"><b>Code</b></td><td><b>Display</b></td></tr><tr><td style="white-space:nowrap">unitOfUse<a name="pcmt-glossary-cs-unitOfUse"> </a></td><td>The base unit to count by</td></tr></table></div></text><url value="http://smart.who.int/pcmt/CodeSystem/pcmt-glossary-cs"/><version value="0.1.0"/><name value="PCMTGlossary"/><title value="PCMT Term glossary"/><status value="draft"/><date value="2025-02-08T12:16:02+00:00"/><publisher value="WHO"/><contact><name value="WHO"/><telecom><system value="url"/><value value="http://who.int"/></telecom></contact><description value="Glossary."/><content value="complete"/><count value="1"/><concept><code value="unitOfUse"/><display value="The base unit to count by"/></concept></CodeSystem>