<?xml version="1.0" encoding="UTF-8"?>

<ValueSet xmlns="http://hl7.org/fhir">
  <id value="ProductRelationship"/>
  <text>
    <status value="generated"/><div xmlns="http://www.w3.org/1999/xhtml"><p class="res-header-id"><b>Generated Narrative: ValueSet ProductRelationship</b></p><a name="ProductRelationship"> </a><a name="hcProductRelationship"> </a><ul><li>Include all codes defined in <a href="CodeSystem-ProductRelationship.html"><code>http://smart.who.int/pcmt/CodeSystem/ProductRelationship</code></a></li></ul></div>
  </text>
  <url value="http://smart.who.int/pcmt/ValueSet/ProductRelationship"/>
  <version value="0.2.0"/>
  <name value="ProductRelationship"/>
  <title value="Product Relationships"/>
  <status value="draft"/>
  <date value="2025-07-01T08:15:38+00:00"/>
  <publisher value="WHO"/>
  <contact>
    <name value="WHO"/>
    <telecom>
      <system value="url"/>
      <value value="http://who.int"/>
    </telecom>
  </contact>
  <description value="Product relationship value set"/>
  <compose>
    <include>
      <system value="http://smart.who.int/pcmt/CodeSystem/ProductRelationship"/>
    </include>
  </compose>
</ValueSet>